PatientID,Name,Age,Gender,Department,Diagnosis,AdmissionDate,DischargeDate,StayDuration
P003,Michael Lee,29,M,Orthopedics,Fracture,2023-03-08,2025-09-03,910
P010,Anna Scott,40,F,Cardiology,Hypertension,2023-03-18,2025-09-03,900
P005,David Chen,61,M,Oncology,Cancer,2023-03-11,2023-03-25,14
P009,Daniel White,58,M,Oncology,Unknown,2023-03-16,2023-03-28,12
P001,John Doe,45,M,Cardiology,Heart Attack,2023-03-01,2023-03-10,9
P002,Jane Smith,34,F,Neurology,Stroke,2023-03-05,2023-03-12,7
P007,Robert Wilson,39,M,Cardiology,Arrhythmia,2023-03-14,2023-03-20,6
P004,Sarah Kim,52,F,Cardiology,Unknown,2023-03-10,2023-03-15,5
P008,Emily Davis,26,F,Orthopedics,Dislocation,2023-03-15,2023-03-18,3
P006,Linda Brown,47,F,Neurology,Epilepsy,2023-03-12,2023-03-14,2
